Total Nacional;Comunidades y Ciudades Autónomas;General, vivienda nueva y de segunda mano;Índices y tasas;Periodo;Total
Nacional;;General;Índice;2025T4;186,750
Nacional;;General;Índice;2025T3;183,389
Nacional;;General;Índice;2025T2;178,184
Nacional;;General;Índice;2025T1;171,296
Nacional;;General;Índice;2024T4;165,433
Nacional;;General;Índice;2024T3;162,521
Nacional;;General;Índice;2024T2;158,083
Nacional;;General;Índice;2024T1;152,618
Nacional;;General;Índice;2023T4;148,690
Nacional;;General;Índice;2023T3;150,273
Nacional;;General;Índice;2023T2;146,583
Nacional;;General;Índice;2023T1;143,580
Nacional;;General;Índice;2022T4;142,666
Nacional;;General;Índice;2022T3;143,860
Nacional;;General;Índice;2022T2;141,433
Nacional;;General;Índice;2022T1;138,742
Nacional;;General;Índice;2021T4;135,291
Nacional;;General;Índice;2021T3;133,652
Nacional;;General;Índice;2021T2;130,937
Nacional;;General;Índice;2021T1;127,831
Nacional;;General;Índice;2020T4;127,179
Nacional;;General;Índice;2020T3;128,255
Nacional;;General;Índice;2020T2;126,799
Nacional;;General;Índice;2020T1;126,695
Nacional;;General;Índice;2019T4;125,320
Nacional;;General;Índice;2019T3;126,135
Nacional;;General;Índice;2019T2;124,175
Nacional;;General;Índice;2019T1;122,758
Nacional;01 Andalucía;General;Índice;2025T4;185,917
Nacional;01 Andalucía;General;Índice;2025T3;182,372
Nacional;01 Andalucía;General;Índice;2025T2;177,504
Nacional;01 Andalucía;General;Índice;2025T1;170,858
Nacional;01 Andalucía;General;Índice;2024T4;165,457
Nacional;01 Andalucía;General;Índice;2024T3;162,275
Nacional;01 Andalucía;General;Índice;2024T2;156,273
Nacional;01 Andalucía;General;Índice;2024T1;149,880
Nacional;01 Andalucía;General;Índice;2023T4;145,927
Nacional;01 Andalucía;General;Índice;2023T3;146,784
Nacional;01 Andalucía;General;Índice;2023T2;142,672
Nacional;01 Andalucía;General;Índice;2023T1;138,890
Nacional;01 Andalucía;General;Índice;2022T4;138,587
Nacional;01 Andalucía;General;Índice;2022T3;138,730
Nacional;01 Andalucía;General;Índice;2022T2;136,525
Nacional;01 Andalucía;General;Índice;2022T1;133,300
Nacional;01 Andalucía;General;Índice;2021T4;130,178
Nacional;01 Andalucía;General;Índice;2021T3;128,119
Nacional;01 Andalucía;General;Índice;2021T2;123,878
Nacional;01 Andalucía;General;Índice;2021T1;120,217
Nacional;01 Andalucía;General;Índice;2020T4;120,518
Nacional;01 Andalucía;General;Índice;2020T3;120,819
Nacional;01 Andalucía;General;Índice;2020T2;119,613
Nacional;01 Andalucía;General;Índice;2020T1;119,440
Nacional;01 Andalucía;General;Índice;2019T4;118,553
Nacional;01 Andalucía;General;Índice;2019T3;119,331
Nacional;01 Andalucía;General;Índice;2019T2;116,842
Nacional;01 Andalucía;General;Índice;2019T1;114,705
Nacional;02 Aragón;General;Índice;2025T4;179,035
Nacional;02 Aragón;General;Índice;2025T3;176,563
Nacional;02 Aragón;General;Índice;2025T2;170,432
Nacional;02 Aragón;General;Índice;2025T1;162,696
Nacional;02 Aragón;General;Índice;2024T4;156,497
Nacional;02 Aragón;General;Índice;2024T3;154,092
Nacional;02 Aragón;General;Índice;2024T2;149,893
Nacional;02 Aragón;General;Índice;2024T1;143,668
Nacional;02 Aragón;General;Índice;2023T4;138,068
Nacional;02 Aragón;General;Índice;2023T3;139,690
Nacional;02 Aragón;General;Índice;2023T2;136,449
Nacional;02 Aragón;General;Índice;2023T1;134,247
Nacional;02 Aragón;General;Índice;2022T4;132,396
Nacional;02 Aragón;General;Índice;2022T3;133,388
Nacional;02 Aragón;General;Índice;2022T2;131,950
Nacional;02 Aragón;General;Índice;2022T1;130,106
Nacional;02 Aragón;General;Índice;2021T4;126,951
Nacional;02 Aragón;General;Índice;2021T3;125,622
Nacional;02 Aragón;General;Índice;2021T2;122,696
Nacional;02 Aragón;General;Índice;2021T1;120,807
Nacional;02 Aragón;General;Índice;2020T4;119,395
Nacional;02 Aragón;General;Índice;2020T3;120,261
Nacional;02 Aragón;General;Índice;2020T2;119,737
Nacional;02 Aragón;General;Índice;2020T1;118,557
Nacional;02 Aragón;General;Índice;2019T4;118,107
Nacional;02 Aragón;General;Índice;2019T3;117,328
Nacional;02 Aragón;General;Índice;2019T2;116,219
Nacional;02 Aragón;General;Índice;2019T1;114,400
Nacional;03 Asturias, Principado de;General;Índice;2025T4;167,186
Nacional;03 Asturias, Principado de;General;Índice;2025T3;162,381
Nacional;03 Asturias, Principado de;General;Índice;2025T2;158,852
Nacional;03 Asturias, Principado de;General;Índice;2025T1;152,219
Nacional;03 Asturias, Principado de;General;Índice;2024T4;146,765
Nacional;03 Asturias, Principado de;General;Índice;2024T3;143,078
Nacional;03 Asturias, Principado de;General;Índice;2024T2;139,913
Nacional;03 Asturias, Principado de;General;Índice;2024T1;134,630
Nacional;03 Asturias, Principado de;General;Índice;2023T4;131,352
Nacional;03 Asturias, Principado de;General;Índice;2023T3;133,866
Nacional;03 Asturias, Principado de;General;Índice;2023T2;130,306
Nacional;03 Asturias, Principado de;General;Índice;2023T1;128,079
Nacional;03 Asturias, Principado de;General;Índice;2022T4;126,946
Nacional;03 Asturias, Principado de;General;Índice;2022T3;127,452
Nacional;03 Asturias, Principado de;General;Índice;2022T2;126,693
Nacional;03 Asturias, Principado de;General;Índice;2022T1;123,636
Nacional;03 Asturias, Principado de;General;Índice;2021T4;121,340
Nacional;03 Asturias, Principado de;General;Índice;2021T3;119,777
Nacional;03 Asturias, Principado de;General;Índice;2021T2;118,855
Nacional;03 Asturias, Principado de;General;Índice;2021T1;115,257
Nacional;03 Asturias, Principado de;General;Índice;2020T4;114,305
Nacional;03 Asturias, Principado de;General;Índice;2020T3;114,498
Nacional;03 Asturias, Principado de;General;Índice;2020T2;114,686
Nacional;03 Asturias, Principado de;General;Índice;2020T1;112,800
Nacional;03 Asturias, Principado de;General;Índice;2019T4;112,223
Nacional;03 Asturias, Principado de;General;Índice;2019T3;111,463
Nacional;03 Asturias, Principado de;General;Índice;2019T2;110,472
Nacional;03 Asturias, Principado de;General;Índice;2019T1;108,084
Nacional;04 Balears, Illes;General;Índice;2025T4;203,457
Nacional;04 Balears, Illes;General;Índice;2025T3;199,625
Nacional;04 Balears, Illes;General;Índice;2025T2;192,349
Nacional;04 Balears, Illes;General;Índice;2025T1;185,053
Nacional;04 Balears, Illes;General;Índice;2024T4;179,469
Nacional;04 Balears, Illes;General;Índice;2024T3;177,025
Nacional;04 Balears, Illes;General;Índice;2024T2;172,207
Nacional;04 Balears, Illes;General;Índice;2024T1;168,273
Nacional;04 Balears, Illes;General;Índice;2023T4;165,249
Nacional;04 Balears, Illes;General;Índice;2023T3;167,280
Nacional;04 Balears, Illes;General;Índice;2023T2;162,183
Nacional;04 Balears, Illes;General;Índice;2023T1;159,060
Nacional;04 Balears, Illes;General;Índice;2022T4;158,300
Nacional;04 Balears, Illes;General;Índice;2022T3;160,112
Nacional;04 Balears, Illes;General;Índice;2022T2;157,098
Nacional;04 Balears, Illes;General;Índice;2022T1;152,625
Nacional;04 Balears, Illes;General;Índice;2021T4;149,462
Nacional;04 Balears, Illes;General;Índice;2021T3;147,791
Nacional;04 Balears, Illes;General;Índice;2021T2;141,694
Nacional;04 Balears, Illes;General;Índice;2021T1;136,265
Nacional;04 Balears, Illes;General;Índice;2020T4;136,398
Nacional;04 Balears, Illes;General;Índice;2020T3;138,410
Nacional;04 Balears, Illes;General;Índice;2020T2;134,061
Nacional;04 Balears, Illes;General;Índice;2020T1;134,726
Nacional;04 Balears, Illes;General;Índice;2019T4;133,139
Nacional;04 Balears, Illes;General;Índice;2019T3;133,920
Nacional;04 Balears, Illes;General;Índice;2019T2;128,181
Nacional;04 Balears, Illes;General;Índice;2019T1;127,149
Nacional;05 Canarias;General;Índice;2025T4;178,512
Nacional;05 Canarias;General;Índice;2025T3;177,382
Nacional;05 Canarias;General;Índice;2025T2;173,589
Nacional;05 Canarias;General;Índice;2025T1;168,596
Nacional;05 Canarias;General;Índice;2024T4;160,865
Nacional;05 Canarias;General;Índice;2024T3;158,063
Nacional;05 Canarias;General;Índice;2024T2;155,476
Nacional;05 Canarias;General;Índice;2024T1;149,974
Nacional;05 Canarias;General;Índice;2023T4;145,446
Nacional;05 Canarias;General;Índice;2023T3;147,573
Nacional;05 Canarias;General;Índice;2023T2;143,283
Nacional;05 Canarias;General;Índice;2023T1;141,738
Nacional;05 Canarias;General;Índice;2022T4;139,123
Nacional;05 Canarias;General;Índice;2022T3;138,435
Nacional;05 Canarias;General;Índice;2022T2;137,058
Nacional;05 Canarias;General;Índice;2022T1;134,345
Nacional;05 Canarias;General;Índice;2021T4;128,649
Nacional;05 Canarias;General;Índice;2021T3;128,119
Nacional;05 Canarias;General;Índice;2021T2;125,239
Nacional;05 Canarias;General;Índice;2021T1;121,160
Nacional;05 Canarias;General;Índice;2020T4;119,330
Nacional;05 Canarias;General;Índice;2020T3;119,790
Nacional;05 Canarias;General;Índice;2020T2;117,712
Nacional;05 Canarias;General;Índice;2020T1;119,008
Nacional;05 Canarias;General;Índice;2019T4;118,344
Nacional;05 Canarias;General;Índice;2019T3;118,096
Nacional;05 Canarias;General;Índice;2019T2;116,974
Nacional;05 Canarias;General;Índice;2019T1;116,934
Nacional;06 Cantabria;General;Índice;2025T4;183,432
Nacional;06 Cantabria;General;Índice;2025T3;179,330
Nacional;06 Cantabria;General;Índice;2025T2;171,527
Nacional;06 Cantabria;General;Índice;2025T1;165,005
Nacional;06 Cantabria;General;Índice;2024T4;161,488
Nacional;06 Cantabria;General;Índice;2024T3;159,264
Nacional;06 Cantabria;General;Índice;2024T2;154,782
Nacional;06 Cantabria;General;Índice;2024T1;149,716
Nacional;06 Cantabria;General;Índice;2023T4;144,492
Nacional;06 Cantabria;General;Índice;2023T3;146,299
Nacional;06 Cantabria;General;Índice;2023T2;142,467
Nacional;06 Cantabria;General;Índice;2023T1;140,174
Nacional;06 Cantabria;General;Índice;2022T4;138,485
Nacional;06 Cantabria;General;Índice;2022T3;138,120
Nacional;06 Cantabria;General;Índice;2022T2;136,007
Nacional;06 Cantabria;General;Índice;2022T1;132,760
Nacional;06 Cantabria;General;Índice;2021T4;127,541
Nacional;06 Cantabria;General;Índice;2021T3;126,327
Nacional;06 Cantabria;General;Índice;2021T2;123,708
Nacional;06 Cantabria;General;Índice;2021T1;119,634
Nacional;06 Cantabria;General;Índice;2020T4;118,424
Nacional;06 Cantabria;General;Índice;2020T3;118,200
Nacional;06 Cantabria;General;Índice;2020T2;117,457
Nacional;06 Cantabria;General;Índice;2020T1;117,236
Nacional;06 Cantabria;General;Índice;2019T4;117,029
Nacional;06 Cantabria;General;Índice;2019T3;116,593
Nacional;06 Cantabria;General;Índice;2019T2;115,962
Nacional;06 Cantabria;General;Índice;2019T1;116,109
Nacional;07 Castilla y León;General;Índice;2025T4;166,611
Nacional;07 Castilla y León;General;Índice;2025T3;162,037
Nacional;07 Castilla y León;General;Índice;2025T2;157,423
Nacional;07 Castilla y León;General;Índice;2025T1;150,790
Nacional;07 Castilla y León;General;Índice;2024T4;144,488
Nacional;07 Castilla y León;General;Índice;2024T3;141,613
Nacional;07 Castilla y León;General;Índice;2024T2;138,609
Nacional;07 Castilla y León;General;Índice;2024T1;134,114
Nacional;07 Castilla y León;General;Índice;2023T4;130,679
Nacional;07 Castilla y León;General;Índice;2023T3;131,138
Nacional;07 Castilla y León;General;Índice;2023T2;129,698
Nacional;07 Castilla y León;General;Índice;2023T1;126,637
Nacional;07 Castilla y León;General;Índice;2022T4;126,291
Nacional;07 Castilla y León;General;Índice;2022T3;127,999
Nacional;07 Castilla y León;General;Índice;2022T2;126,114
Nacional;07 Castilla y León;General;Índice;2022T1;123,547
Nacional;07 Castilla y León;General;Índice;2021T4;121,361
Nacional;07 Castilla y León;General;Índice;2021T3;120,120
Nacional;07 Castilla y León;General;Índice;2021T2;118,515
Nacional;07 Castilla y León;General;Índice;2021T1;115,202
Nacional;07 Castilla y León;General;Índice;2020T4;115,164
Nacional;07 Castilla y León;General;Índice;2020T3;115,243
Nacional;07 Castilla y León;General;Índice;2020T2;115,509
Nacional;07 Castilla y León;General;Índice;2020T1;112,962
Nacional;07 Castilla y León;General;Índice;2019T4;113,657
Nacional;07 Castilla y León;General;Índice;2019T3;112,732
Nacional;07 Castilla y León;General;Índice;2019T2;112,193
Nacional;07 Castilla y León;General;Índice;2019T1;109,751
Nacional;08 Castilla - La Mancha;General;Índice;2025T4;148,275
Nacional;08 Castilla - La Mancha;General;Índice;2025T3;145,063
Nacional;08 Castilla - La Mancha;General;Índice;2025T2;141,709
Nacional;08 Castilla - La Mancha;General;Índice;2025T1;136,159
Nacional;08 Castilla - La Mancha;General;Índice;2024T4;131,455
Nacional;08 Castilla - La Mancha;General;Índice;2024T3;129,997
Nacional;08 Castilla - La Mancha;General;Índice;2024T2;127,322
Nacional;08 Castilla - La Mancha;General;Índice;2024T1;123,353
Nacional;08 Castilla - La Mancha;General;Índice;2023T4;120,963
Nacional;08 Castilla - La Mancha;General;Índice;2023T3;121,611
Nacional;08 Castilla - La Mancha;General;Índice;2023T2;120,939
Nacional;08 Castilla - La Mancha;General;Índice;2023T1;117,560
Nacional;08 Castilla - La Mancha;General;Índice;2022T4;118,496
Nacional;08 Castilla - La Mancha;General;Índice;2022T3;120,366
Nacional;08 Castilla - La Mancha;General;Índice;2022T2;118,588
Nacional;08 Castilla - La Mancha;General;Índice;2022T1;115,686
Nacional;08 Castilla - La Mancha;General;Índice;2021T4;113,907
Nacional;08 Castilla - La Mancha;General;Índice;2021T3;112,940
Nacional;08 Castilla - La Mancha;General;Índice;2021T2;111,840
Nacional;08 Castilla - La Mancha;General;Índice;2021T1;107,989
Nacional;08 Castilla - La Mancha;General;Índice;2020T4;109,532
Nacional;08 Castilla - La Mancha;General;Índice;2020T3;109,655
Nacional;08 Castilla - La Mancha;General;Índice;2020T2;109,242
Nacional;08 Castilla - La Mancha;General;Índice;2020T1;107,689
Nacional;08 Castilla - La Mancha;General;Índice;2019T4;108,241
Nacional;08 Castilla - La Mancha;General;Índice;2019T3;108,160
Nacional;08 Castilla - La Mancha;General;Índice;2019T2;107,576
Nacional;08 Castilla - La Mancha;General;Índice;2019T1;106,595
Nacional;09 Cataluńa;General;Índice;2025T4;193,427
Nacional;09 Cataluńa;General;Índice;2025T3;190,561
Nacional;09 Cataluńa;General;Índice;2025T2;185,881
Nacional;09 Cataluńa;General;Índice;2025T1;180,959
Nacional;09 Cataluńa;General;Índice;2024T4;174,491
Nacional;09 Cataluńa;General;Índice;2024T3;171,230
Nacional;09 Cataluńa;General;Índice;2024T2;166,573
Nacional;09 Cataluńa;General;Índice;2024T1;162,075
Nacional;09 Cataluńa;General;Índice;2023T4;158,037
Nacional;09 Cataluńa;General;Índice;2023T3;160,395
Nacional;09 Cataluńa;General;Índice;2023T2;156,147
Nacional;09 Cataluńa;General;Índice;2023T1;153,461
Nacional;09 Cataluńa;General;Índice;2022T4;152,647
Nacional;09 Cataluńa;General;Índice;2022T3;154,552
Nacional;09 Cataluńa;General;Índice;2022T2;151,314
Nacional;09 Cataluńa;General;Índice;2022T1;148,291
Nacional;09 Cataluńa;General;Índice;2021T4;144,743
Nacional;09 Cataluńa;General;Índice;2021T3;142,940
Nacional;09 Cataluńa;General;Índice;2021T2;141,133
Nacional;09 Cataluńa;General;Índice;2021T1;137,675
Nacional;09 Cataluńa;General;Índice;2020T4;136,461
Nacional;09 Cataluńa;General;Índice;2020T3;138,395
Nacional;09 Cataluńa;General;Índice;2020T2;136,693
Nacional;09 Cataluńa;General;Índice;2020T1;136,020
Nacional;09 Cataluńa;General;Índice;2019T4;135,113
Nacional;09 Cataluńa;General;Índice;2019T3;136,037
Nacional;09 Cataluńa;General;Índice;2019T2;133,590
Nacional;09 Cataluńa;General;Índice;2019T1;131,836
Nacional;10 Comunitat Valenciana;General;Índice;2025T4;174,969
Nacional;10 Comunitat Valenciana;General;Índice;2025T3;170,956
Nacional;10 Comunitat Valenciana;General;Índice;2025T2;165,435
Nacional;10 Comunitat Valenciana;General;Índice;2025T1;158,202
Nacional;10 Comunitat Valenciana;General;Índice;2024T4;154,122
Nacional;10 Comunitat Valenciana;General;Índice;2024T3;151,002
Nacional;10 Comunitat Valenciana;General;Índice;2024T2;146,950
Nacional;10 Comunitat Valenciana;General;Índice;2024T1;140,857
Nacional;10 Comunitat Valenciana;General;Índice;2023T4;137,366
Nacional;10 Comunitat Valenciana;General;Índice;2023T3;138,773
Nacional;10 Comunitat Valenciana;General;Índice;2023T2;135,280
Nacional;10 Comunitat Valenciana;General;Índice;2023T1;132,264
Nacional;10 Comunitat Valenciana;General;Índice;2022T4;131,774
Nacional;10 Comunitat Valenciana;General;Índice;2022T3;132,058
Nacional;10 Comunitat Valenciana;General;Índice;2022T2;130,746
Nacional;10 Comunitat Valenciana;General;Índice;2022T1;127,966
Nacional;10 Comunitat Valenciana;General;Índice;2021T4;125,433
Nacional;10 Comunitat Valenciana;General;Índice;2021T3;123,520
Nacional;10 Comunitat Valenciana;General;Índice;2021T2;121,046
Nacional;10 Comunitat Valenciana;General;Índice;2021T1;117,465
Nacional;10 Comunitat Valenciana;General;Índice;2020T4;117,481
Nacional;10 Comunitat Valenciana;General;Índice;2020T3;117,677
Nacional;10 Comunitat Valenciana;General;Índice;2020T2;116,038
Nacional;10 Comunitat Valenciana;General;Índice;2020T1;116,059
Nacional;10 Comunitat Valenciana;General;Índice;2019T4;115,562
Nacional;10 Comunitat Valenciana;General;Índice;2019T3;115,325
Nacional;10 Comunitat Valenciana;General;Índice;2019T2;114,209
Nacional;10 Comunitat Valenciana;General;Índice;2019T1;112,128
Nacional;11 Extremadura;General;Índice;2025T4;145,386
Nacional;11 Extremadura;General;Índice;2025T3;143,251
Nacional;11 Extremadura;General;Índice;2025T2;139,216
Nacional;11 Extremadura;General;Índice;2025T1;133,037
Nacional;11 Extremadura;General;Índice;2024T4;128,070
Nacional;11 Extremadura;General;Índice;2024T3;127,293
Nacional;11 Extremadura;General;Índice;2024T2;124,125
Nacional;11 Extremadura;General;Índice;2024T1;119,938
Nacional;11 Extremadura;General;Índice;2023T4;117,381
Nacional;11 Extremadura;General;Índice;2023T3;117,644
Nacional;11 Extremadura;General;Índice;2023T2;116,912
Nacional;11 Extremadura;General;Índice;2023T1;113,518
Nacional;11 Extremadura;General;Índice;2022T4;114,850
Nacional;11 Extremadura;General;Índice;2022T3;116,414
Nacional;11 Extremadura;General;Índice;2022T2;114,871
Nacional;11 Extremadura;General;Índice;2022T1;112,312
Nacional;11 Extremadura;General;Índice;2021T4;111,719
Nacional;11 Extremadura;General;Índice;2021T3;109,277
Nacional;11 Extremadura;General;Índice;2021T2;109,052
Nacional;11 Extremadura;General;Índice;2021T1;105,038
Nacional;11 Extremadura;General;Índice;2020T4;106,508
Nacional;11 Extremadura;General;Índice;2020T3;106,236
Nacional;11 Extremadura;General;Índice;2020T2;107,257
Nacional;11 Extremadura;General;Índice;2020T1;105,234
Nacional;11 Extremadura;General;Índice;2019T4;106,046
Nacional;11 Extremadura;General;Índice;2019T3;106,237
Nacional;11 Extremadura;General;Índice;2019T2;105,896
Nacional;11 Extremadura;General;Índice;2019T1;104,880
Nacional;12 Galicia;General;Índice;2025T4;167,197
Nacional;12 Galicia;General;Índice;2025T3;164,069
Nacional;12 Galicia;General;Índice;2025T2;158,913
Nacional;12 Galicia;General;Índice;2025T1;151,721
Nacional;12 Galicia;General;Índice;2024T4;146,552
Nacional;12 Galicia;General;Índice;2024T3;144,703
Nacional;12 Galicia;General;Índice;2024T2;140,946
Nacional;12 Galicia;General;Índice;2024T1;136,417
Nacional;12 Galicia;General;Índice;2023T4;132,570
Nacional;12 Galicia;General;Índice;2023T3;134,796
Nacional;12 Galicia;General;Índice;2023T2;132,073
Nacional;12 Galicia;General;Índice;2023T1;129,786
Nacional;12 Galicia;General;Índice;2022T4;128,172
Nacional;12 Galicia;General;Índice;2022T3;128,919
Nacional;12 Galicia;General;Índice;2022T2;128,080
Nacional;12 Galicia;General;Índice;2022T1;125,568
Nacional;12 Galicia;General;Índice;2021T4;122,678
Nacional;12 Galicia;General;Índice;2021T3;121,530
Nacional;12 Galicia;General;Índice;2021T2;118,952
Nacional;12 Galicia;General;Índice;2021T1;115,961
Nacional;12 Galicia;General;Índice;2020T4;114,833
Nacional;12 Galicia;General;Índice;2020T3;114,881
Nacional;12 Galicia;General;Índice;2020T2;114,935
Nacional;12 Galicia;General;Índice;2020T1;113,415
Nacional;12 Galicia;General;Índice;2019T4;113,514
Nacional;12 Galicia;General;Índice;2019T3;112,716
Nacional;12 Galicia;General;Índice;2019T2;111,946
Nacional;12 Galicia;General;Índice;2019T1;109,816
Nacional;13 Madrid, Comunidad de;General;Índice;2025T4;207,668
Nacional;13 Madrid, Comunidad de;General;Índice;2025T3;204,059
Nacional;13 Madrid, Comunidad de;General;Índice;2025T2;197,688
Nacional;13 Madrid, Comunidad de;General;Índice;2025T1;188,426
Nacional;13 Madrid, Comunidad de;General;Índice;2024T4;181,836
Nacional;13 Madrid, Comunidad de;General;Índice;2024T3;178,650
Nacional;13 Madrid, Comunidad de;General;Índice;2024T2;174,536
Nacional;13 Madrid, Comunidad de;General;Índice;2024T1;168,785
Nacional;13 Madrid, Comunidad de;General;Índice;2023T4;164,821
Nacional;13 Madrid, Comunidad de;General;Índice;2023T3;166,589
Nacional;13 Madrid, Comunidad de;General;Índice;2023T2;162,841
Nacional;13 Madrid, Comunidad de;General;Índice;2023T1;159,407
Nacional;13 Madrid, Comunidad de;General;Índice;2022T4;157,779
Nacional;13 Madrid, Comunidad de;General;Índice;2022T3;160,024
Nacional;13 Madrid, Comunidad de;General;Índice;2022T2;156,460
Nacional;13 Madrid, Comunidad de;General;Índice;2022T1;154,666
Nacional;13 Madrid, Comunidad de;General;Índice;2021T4;150,345
Nacional;13 Madrid, Comunidad de;General;Índice;2021T3;148,701
Nacional;13 Madrid, Comunidad de;General;Índice;2021T2;145,849
Nacional;13 Madrid, Comunidad de;General;Índice;2021T1;143,929
Nacional;13 Madrid, Comunidad de;General;Índice;2020T4;142,540
Nacional;13 Madrid, Comunidad de;General;Índice;2020T3;144,599
Nacional;13 Madrid, Comunidad de;General;Índice;2020T2;143,130
Nacional;13 Madrid, Comunidad de;General;Índice;2020T1;143,971
Nacional;13 Madrid, Comunidad de;General;Índice;2019T4;140,469
Nacional;13 Madrid, Comunidad de;General;Índice;2019T3;142,864
Nacional;13 Madrid, Comunidad de;General;Índice;2019T2;140,795
Nacional;13 Madrid, Comunidad de;General;Índice;2019T1;140,440
Nacional;14 Murcia, Región de;General;Índice;2025T4;171,780
Nacional;14 Murcia, Región de;General;Índice;2025T3;167,963
Nacional;14 Murcia, Región de;General;Índice;2025T2;162,666
Nacional;14 Murcia, Región de;General;Índice;2025T1;154,993
Nacional;14 Murcia, Región de;General;Índice;2024T4;150,180
Nacional;14 Murcia, Región de;General;Índice;2024T3;146,067
Nacional;14 Murcia, Región de;General;Índice;2024T2;141,981
Nacional;14 Murcia, Región de;General;Índice;2024T1;136,839
Nacional;14 Murcia, Región de;General;Índice;2023T4;134,506
Nacional;14 Murcia, Región de;General;Índice;2023T3;133,986
Nacional;14 Murcia, Región de;General;Índice;2023T2;132,087
Nacional;14 Murcia, Región de;General;Índice;2023T1;129,441
Nacional;14 Murcia, Región de;General;Índice;2022T4;129,533
Nacional;14 Murcia, Región de;General;Índice;2022T3;131,001
Nacional;14 Murcia, Región de;General;Índice;2022T2;130,258
Nacional;14 Murcia, Región de;General;Índice;2022T1;127,267
Nacional;14 Murcia, Región de;General;Índice;2021T4;123,591
Nacional;14 Murcia, Región de;General;Índice;2021T3;122,360
Nacional;14 Murcia, Región de;General;Índice;2021T2;119,124
Nacional;14 Murcia, Región de;General;Índice;2021T1;116,235
Nacional;14 Murcia, Región de;General;Índice;2020T4;115,914
Nacional;14 Murcia, Región de;General;Índice;2020T3;115,122
Nacional;14 Murcia, Región de;General;Índice;2020T2;114,141
Nacional;14 Murcia, Región de;General;Índice;2020T1;112,336
Nacional;14 Murcia, Región de;General;Índice;2019T4;112,501
Nacional;14 Murcia, Región de;General;Índice;2019T3;111,729
Nacional;14 Murcia, Región de;General;Índice;2019T2;110,954
Nacional;14 Murcia, Región de;General;Índice;2019T1;108,708
Nacional;15 Navarra, Comunidad Foral de;General;Índice;2025T4;167,127
Nacional;15 Navarra, Comunidad Foral de;General;Índice;2025T3;166,609
Nacional;15 Navarra, Comunidad Foral de;General;Índice;2025T2;162,614
Nacional;15 Navarra, Comunidad Foral de;General;Índice;2025T1;156,050
Nacional;15 Navarra, Comunidad Foral de;General;Índice;2024T4;150,034
Nacional;15 Navarra, Comunidad Foral de;General;Índice;2024T3;150,225
Nacional;15 Navarra, Comunidad Foral de;General;Índice;2024T2;145,143
Nacional;15 Navarra, Comunidad Foral de;General;Índice;2024T1;140,034
Nacional;15 Navarra, Comunidad Foral de;General;Índice;2023T4;132,884
Nacional;15 Navarra, Comunidad Foral de;General;Índice;2023T3;135,687
Nacional;15 Navarra, Comunidad Foral de;General;Índice;2023T2;131,585
Nacional;15 Navarra, Comunidad Foral de;General;Índice;2023T1;130,110
Nacional;15 Navarra, Comunidad Foral de;General;Índice;2022T4;126,950
Nacional;15 Navarra, Comunidad Foral de;General;Índice;2022T3;126,074
Nacional;15 Navarra, Comunidad Foral de;General;Índice;2022T2;124,561
Nacional;15 Navarra, Comunidad Foral de;General;Índice;2022T1;123,026
Nacional;15 Navarra, Comunidad Foral de;General;Índice;2021T4;118,408
Nacional;15 Navarra, Comunidad Foral de;General;Índice;2021T3;118,054
Nacional;15 Navarra, Comunidad Foral de;General;Índice;2021T2;116,122
Nacional;15 Navarra, Comunidad Foral de;General;Índice;2021T1;114,172
Nacional;15 Navarra, Comunidad Foral de;General;Índice;2020T4;112,541
Nacional;15 Navarra, Comunidad Foral de;General;Índice;2020T3;114,308
Nacional;15 Navarra, Comunidad Foral de;General;Índice;2020T2;113,207
Nacional;15 Navarra, Comunidad Foral de;General;Índice;2020T1;113,909
Nacional;15 Navarra, Comunidad Foral de;General;Índice;2019T4;111,887
Nacional;15 Navarra, Comunidad Foral de;General;Índice;2019T3;112,359
Nacional;15 Navarra, Comunidad Foral de;General;Índice;2019T2;111,850
Nacional;15 Navarra, Comunidad Foral de;General;Índice;2019T1;110,358
Nacional;16 País Vasco;General;Índice;2025T4;170,638
Nacional;16 País Vasco;General;Índice;2025T3;168,610
Nacional;16 País Vasco;General;Índice;2025T2;164,980
Nacional;16 País Vasco;General;Índice;2025T1;159,472
Nacional;16 País Vasco;General;Índice;2024T4;151,915
Nacional;16 País Vasco;General;Índice;2024T3;151,029
Nacional;16 País Vasco;General;Índice;2024T2;146,777
Nacional;16 País Vasco;General;Índice;2024T1;141,867
Nacional;16 País Vasco;General;Índice;2023T4;137,252
Nacional;16 País Vasco;General;Índice;2023T3;139,330
Nacional;16 País Vasco;General;Índice;2023T2;135,331
Nacional;16 País Vasco;General;Índice;2023T1;133,352
Nacional;16 País Vasco;General;Índice;2022T4;132,132
Nacional;16 País Vasco;General;Índice;2022T3;134,215
Nacional;16 País Vasco;General;Índice;2022T2;131,348
Nacional;16 País Vasco;General;Índice;2022T1;129,365
Nacional;16 País Vasco;General;Índice;2021T4;125,938
Nacional;16 País Vasco;General;Índice;2021T3;124,501
Nacional;16 País Vasco;General;Índice;2021T2;123,336
Nacional;16 País Vasco;General;Índice;2021T1;121,755
Nacional;16 País Vasco;General;Índice;2020T4;120,831
Nacional;16 País Vasco;General;Índice;2020T3;122,837
Nacional;16 País Vasco;General;Índice;2020T2;120,265
Nacional;16 País Vasco;General;Índice;2020T1;121,515
Nacional;16 País Vasco;General;Índice;2019T4;118,272
Nacional;16 País Vasco;General;Índice;2019T3;120,599
Nacional;16 País Vasco;General;Índice;2019T2;118,350
Nacional;16 País Vasco;General;Índice;2019T1;117,529
Nacional;17 Rioja, La;General;Índice;2025T4;173,261
Nacional;17 Rioja, La;General;Índice;2025T3;168,635
Nacional;17 Rioja, La;General;Índice;2025T2;164,705
Nacional;17 Rioja, La;General;Índice;2025T1;158,501
Nacional;17 Rioja, La;General;Índice;2024T4;151,397
Nacional;17 Rioja, La;General;Índice;2024T3;147,767
Nacional;17 Rioja, La;General;Índice;2024T2;144,803
Nacional;17 Rioja, La;General;Índice;2024T1;139,961
Nacional;17 Rioja, La;General;Índice;2023T4;135,324
Nacional;17 Rioja, La;General;Índice;2023T3;135,332
Nacional;17 Rioja, La;General;Índice;2023T2;133,325
Nacional;17 Rioja, La;General;Índice;2023T1;130,660
Nacional;17 Rioja, La;General;Índice;2022T4;130,212
Nacional;17 Rioja, La;General;Índice;2022T3;132,781
Nacional;17 Rioja, La;General;Índice;2022T2;129,915
Nacional;17 Rioja, La;General;Índice;2022T1;127,118
Nacional;17 Rioja, La;General;Índice;2021T4;123,528
Nacional;17 Rioja, La;General;Índice;2021T3;122,887
Nacional;17 Rioja, La;General;Índice;2021T2;120,454
Nacional;17 Rioja, La;General;Índice;2021T1;118,456
Nacional;17 Rioja, La;General;Índice;2020T4;117,347
Nacional;17 Rioja, La;General;Índice;2020T3;116,897
Nacional;17 Rioja, La;General;Índice;2020T2;117,732
Nacional;17 Rioja, La;General;Índice;2020T1;116,744
Nacional;17 Rioja, La;General;Índice;2019T4;116,161
Nacional;17 Rioja, La;General;Índice;2019T3;115,520
Nacional;17 Rioja, La;General;Índice;2019T2;115,227
Nacional;17 Rioja, La;General;Índice;2019T1;113,141
Nacional;18 Ceuta;General;Índice;2025T4;209,084
Nacional;18 Ceuta;General;Índice;2025T3;204,600
Nacional;18 Ceuta;General;Índice;2025T2;199,398
Nacional;18 Ceuta;General;Índice;2025T1;192,344
Nacional;18 Ceuta;General;Índice;2024T4;184,569
Nacional;18 Ceuta;General;Índice;2024T3;178,624
Nacional;18 Ceuta;General;Índice;2024T2;176,973
Nacional;18 Ceuta;General;Índice;2024T1;170,101
Nacional;18 Ceuta;General;Índice;2023T4;165,638
Nacional;18 Ceuta;General;Índice;2023T3;164,611
Nacional;18 Ceuta;General;Índice;2023T2;161,660
Nacional;18 Ceuta;General;Índice;2023T1;159,058
Nacional;18 Ceuta;General;Índice;2022T4;158,378
Nacional;18 Ceuta;General;Índice;2022T3;155,619
Nacional;18 Ceuta;General;Índice;2022T2;152,246
Nacional;18 Ceuta;General;Índice;2022T1;150,704
Nacional;18 Ceuta;General;Índice;2021T4;146,641
Nacional;18 Ceuta;General;Índice;2021T3;144,209
Nacional;18 Ceuta;General;Índice;2021T2;139,038
Nacional;18 Ceuta;General;Índice;2021T1;138,250
Nacional;18 Ceuta;General;Índice;2020T4;138,288
Nacional;18 Ceuta;General;Índice;2020T3;139,489
Nacional;18 Ceuta;General;Índice;2020T2;135,216
Nacional;18 Ceuta;General;Índice;2020T1;134,821
Nacional;18 Ceuta;General;Índice;2019T4;131,854
Nacional;18 Ceuta;General;Índice;2019T3;133,637
Nacional;18 Ceuta;General;Índice;2019T2;130,592
Nacional;18 Ceuta;General;Índice;2019T1;128,575
Nacional;19 Melilla;General;Índice;2025T4;201,063
Nacional;19 Melilla;General;Índice;2025T3;200,061
Nacional;19 Melilla;General;Índice;2025T2;194,975
Nacional;19 Melilla;General;Índice;2025T1;187,389
Nacional;19 Melilla;General;Índice;2024T4;178,326
Nacional;19 Melilla;General;Índice;2024T3;174,797
Nacional;19 Melilla;General;Índice;2024T2;171,953
Nacional;19 Melilla;General;Índice;2024T1;164,358
Nacional;19 Melilla;General;Índice;2023T4;158,926
Nacional;19 Melilla;General;Índice;2023T3;161,958
Nacional;19 Melilla;General;Índice;2023T2;160,434
Nacional;19 Melilla;General;Índice;2023T1;156,969
Nacional;19 Melilla;General;Índice;2022T4;154,019
Nacional;19 Melilla;General;Índice;2022T3;152,976
Nacional;19 Melilla;General;Índice;2022T2;151,150
Nacional;19 Melilla;General;Índice;2022T1;147,760
Nacional;19 Melilla;General;Índice;2021T4;142,577
Nacional;19 Melilla;General;Índice;2021T3;142,563
Nacional;19 Melilla;General;Índice;2021T2;139,007
Nacional;19 Melilla;General;Índice;2021T1;134,954
Nacional;19 Melilla;General;Índice;2020T4;133,064
Nacional;19 Melilla;General;Índice;2020T3;133,661
Nacional;19 Melilla;General;Índice;2020T2;130,290
Nacional;19 Melilla;General;Índice;2020T1;128,760
Nacional;19 Melilla;General;Índice;2019T4;126,218
Nacional;19 Melilla;General;Índice;2019T3;127,460
Nacional;19 Melilla;General;Índice;2019T2;124,154
Nacional;19 Melilla;General;Índice;2019T1;125,310
